PRAGMA foreign_keys=OFF;
BEGIN TRANSACTION;
CREATE TABLE IF NOT EXISTS "migrations" ("id" integer primary key autoincrement not null, "migration" varchar not null, "batch" integer not null);
INSERT INTO migrations VALUES(1,'0001_01_01_000000_create_users_table',1);
INSERT INTO migrations VALUES(2,'0001_01_01_000001_create_cache_table',1);
INSERT INTO migrations VALUES(3,'0001_01_01_000002_create_jobs_table',1);
INSERT INTO migrations VALUES(4,'2026_04_01_063837_create_permission_tables',1);
INSERT INTO migrations VALUES(5,'2026_04_01_100001_add_fields_to_users_table',1);
INSERT INTO migrations VALUES(6,'2026_04_01_100002_create_leads_table',1);
INSERT INTO migrations VALUES(7,'2026_04_01_100003_create_clients_table',1);
INSERT INTO migrations VALUES(8,'2026_04_01_100004_create_properties_table',1);
INSERT INTO migrations VALUES(9,'2026_04_01_100005_create_lead_property_table',1);
INSERT INTO migrations VALUES(10,'2026_04_01_100006_create_notes_table',1);
INSERT INTO migrations VALUES(11,'2026_04_01_100007_create_follow_ups_table',1);
INSERT INTO migrations VALUES(12,'2026_04_01_100008_create_communications_table',1);
INSERT INTO migrations VALUES(13,'2026_04_01_100009_create_documents_table',1);
INSERT INTO migrations VALUES(14,'2026_04_01_100010_create_tags_table',1);
INSERT INTO migrations VALUES(15,'2026_04_01_100011_create_activity_logs_table',1);
INSERT INTO migrations VALUES(16,'2026_04_01_064336_create_personal_access_tokens_table',2);
INSERT INTO migrations VALUES(17,'2026_04_01_200001_add_username_to_users_table',3);
INSERT INTO migrations VALUES(18,'2026_04_01_093442_create_notifications_table',4);
CREATE TABLE IF NOT EXISTS "users" ("id" integer primary key autoincrement not null, "name" varchar not null, "email" varchar not null, "email_verified_at" datetime, "password" varchar not null, "remember_token" varchar, "created_at" datetime, "updated_at" datetime, "phone" varchar, "avatar" varchar, "is_active" tinyint(1) not null default '1', "deleted_at" datetime, "username" varchar);
INSERT INTO users VALUES(1,'Admin','admin@propertiesbydesi.com',NULL,'$2y$12$iClFNZ6QzZNyHOFsvRF0cOSyLqADHo44tY.nn9v0KqBD8dVpQv0tu',NULL,'2026-04-01 06:42:40','2026-04-01 07:17:31','9876543210',NULL,1,NULL,'admin');
INSERT INTO users VALUES(2,'Rahul Sharma','rahul@propertiesbydesi.com',NULL,'$2y$12$SaaE8TXfodWZfqdm10zwau4M.hO7rGaexx726fgPnqXlZdXgnYpQK',NULL,'2026-04-01 06:42:41','2026-04-01 07:17:31','9876543211',NULL,1,NULL,'rahul');
INSERT INTO users VALUES(3,'Pasad','priya@propertiesbydesi.com',NULL,'$2y$12$pTgdDT0gclr4h3pIgpXi1.Cs9BDvA5uWA7thyohOY9whr1SC8UfAO',NULL,'2026-04-01 06:42:41','2026-04-01 07:17:31','9876543212',NULL,1,NULL,'pasad');
INSERT INTO users VALUES(4,'Amit Desai','amit@propertiesbydesi.com',NULL,'$2y$12$RiXMWLIcW21tpI6lfoYBbOvCr67KGURQz9QRGH6yYCFPe9RO63GMC',NULL,'2026-04-01 06:42:41','2026-04-01 07:17:31','9876543213',NULL,1,NULL,'amit');
INSERT INTO users VALUES(5,'Sneha Patel','sneha@propertiesbydesi.com',NULL,'$2y$12$CYDHZlOI7yaF.nP3934WSOQIjk/VfctWhBJsHEmLsHdcAdOKsCcZ2',NULL,'2026-04-01 06:42:41','2026-04-01 07:17:31','9876543214',NULL,1,NULL,'sneha');
INSERT INTO users VALUES(6,'Fiza','fiza@propertiesbydesi.com',NULL,'$2y$12$MBt.kZ7YYS8NMpmOB88HYO8Vb5RsYadVO4cmoJEV32NBwlGOIQD0i',NULL,'2026-04-01 07:04:46','2026-04-01 07:17:31','9876543200',NULL,1,NULL,'fiza');
INSERT INTO users VALUES(7,'Mohsin','mohsin@propertiesbydesi.com',NULL,'$2y$12$hCtNJ7u2iZM4Vs2aDOClteI/NZDSgXIOxQgT3ecDBBGO6w8p0vtcC',NULL,'2026-04-01 07:54:56','2026-04-01 07:54:56',NULL,NULL,1,NULL,'mohsin');
INSERT INTO users VALUES(8,'Mufeez','mufeez@propertiesbydesi.com',NULL,'$2y$12$7gsvlcE0FEpMdeCBPvElP.UyT5iWfzJi1scopsEdkN137K/UfPzKi',NULL,'2026-04-01 07:54:56','2026-04-01 07:54:56',NULL,NULL,1,NULL,'mufeez');
CREATE TABLE IF NOT EXISTS "password_reset_tokens" ("email" varchar not null, "token" varchar not null, "created_at" datetime, primary key ("email"));
CREATE TABLE IF NOT EXISTS "sessions" ("id" varchar not null, "user_id" integer, "ip_address" varchar, "user_agent" text, "payload" text not null, "last_activity" integer not null, primary key ("id"));
INSERT INTO sessions VALUES('tgf5pebfHBk3bUkYXYD7I6a9dWwlFjgoz6sGa9hz',7,'127.0.0.1','Mozilla/5.0 (Macintosh; Intel Mac OS X 10_15_7) AppleWebKit/537.36 (KHTML, like Gecko) Chrome/146.0.0.0 Safari/537.36','eyJfdG9rZW4iOiIyTGtxaEU1NzY5N1kwb1ZZZ0VNb1NxNXpKYWdDbkpEQXpBZDhRREREIiwiX2ZsYXNoIjp7Im9sZCI6W10sIm5ldyI6W119LCJfcHJldmlvdXMiOnsidXJsIjoiaHR0cDpcL1wvbG9jYWxob3N0OjgwMDJcL2Rhc2hib2FyZCIsInJvdXRlIjoiZGFzaGJvYXJkIn0sInVybCI6W10sImxvZ2luX3dlYl81OWJhMzZhZGRjMmIyZjk0MDE1ODBmMDE0YzdmNThlYTRlMzA5ODlkIjo3fQ==',1775035285);
INSERT INTO sessions VALUES('zSNcFG1eDOFd8gbWSruZLfYssvjkDZvuYLgasz5P',NULL,'127.0.0.1','curl/8.7.1','eyJfdG9rZW4iOiJzcVc0dk5TcTdNUUhpQVY4enVNREx5ZFk1TFpiMURGc21Uem9WOE9zIiwidXJsIjp7ImludGVuZGVkIjoiaHR0cDpcL1wvMTI3LjAuMC4xOjgwMDJcL293bmVyXC9kYXNoYm9hcmQifSwiX3ByZXZpb3VzIjp7InVybCI6Imh0dHA6XC9cLzEyNy4wLjAuMTo4MDAyXC9vd25lclwvZGFzaGJvYXJkIiwicm91dGUiOiJvd25lci5kYXNoYm9hcmQifSwiX2ZsYXNoIjp7Im9sZCI6W10sIm5ldyI6W119fQ==',1775032574);
INSERT INTO sessions VALUES('yj94gSaXeDZmht6BUVjjqzUQePhrKzyjh6ct5zP6',7,'127.0.0.1','Mozilla/5.0 (Macintosh; Intel Mac OS X 10_15_7) AppleWebKit/537.36 (KHTML, like Gecko) Chrome/146.0.0.0 Safari/537.36','eyJfdG9rZW4iOiJPZzRpakMxUjVCVld4WXhKRjF0RXk4SGFnNUNGN09sM3BTc2ptV3BjIiwidXJsIjpbXSwiX3ByZXZpb3VzIjp7InVybCI6Imh0dHA6XC9cLzEyNy4wLjAuMTo4MDAyXC9kYXNoYm9hcmQiLCJyb3V0ZSI6ImRhc2hib2FyZCJ9LCJfZmxhc2giOnsib2xkIjpbXSwibmV3IjpbXX0sImxvZ2luX3dlYl81OWJhMzZhZGRjMmIyZjk0MDE1ODBmMDE0YzdmNThlYTRlMzA5ODlkIjo3fQ==',1775036875);
INSERT INTO sessions VALUES('6D1mHgZXazmsLibosNk8f4QrZGBzvXIrR11kJGeI',3,'127.0.0.1','Mozilla/5.0 (iPhone; CPU iPhone OS 18_5 like Mac OS X) AppleWebKit/605.1.15 (KHTML, like Gecko) Version/18.5 Mobile/15E148 Safari/604.1','eyJfdG9rZW4iOiIzOWtkMzFnZU1LWHN4YXpzTHpYOU8xaUFvcERLaDRBTnVsVUdhZDA4IiwiX2ZsYXNoIjp7Im9sZCI6W10sIm5ldyI6W119LCJfcHJldmlvdXMiOnsidXJsIjoiaHR0cDpcL1wvbG9jYWxob3N0OjgwMDJcL2xlYWRzIiwicm91dGUiOiJsZWFkcy5pbmRleCJ9LCJ1cmwiOltdLCJsb2dpbl93ZWJfNTliYTM2YWRkYzJiMmY5NDAxNTgwZjAxNGM3ZjU4ZWE0ZTMwOTg5ZCI6M30=',1775036934);
INSERT INTO sessions VALUES('hiNVvdNYuzAZVxiXqTb7zIcszKDKNUgMUXG5sgDX',6,'127.0.0.1','Mozilla/5.0 (Macintosh; Intel Mac OS X 10_15_7) AppleWebKit/537.36 (KHTML, like Gecko) Chrome/146.0.0.0 Safari/537.36','eyJfdG9rZW4iOiI2UklGbUZHY1pMZjJtemE5cXN1cU5OVDExOXBvTnBlMzdZZndEQTVqIiwidXJsIjpbXSwiX3ByZXZpb3VzIjp7InVybCI6Imh0dHA6XC9cLzEyNy4wLjAuMTo4MDAyXC9sZWFkcyIsInJvdXRlIjoibGVhZHMuaW5kZXgifSwiX2ZsYXNoIjp7Im9sZCI6W10sIm5ldyI6W119LCJsb2dpbl93ZWJfNTliYTM2YWRkYzJiMmY5NDAxNTgwZjAxNGM3ZjU4ZWE0ZTMwOTg5ZCI6Nn0=',1775044129);
CREATE TABLE IF NOT EXISTS "cache" ("key" varchar not null, "value" text not null, "expiration" integer not null, primary key ("key"));
INSERT INTO cache VALUES('properties-by-desi-cache-fiza@propertiesbydesi.com|127.0.0.1:timer','i:1775036334;',1775036334);
INSERT INTO cache VALUES('properties-by-desi-cache-fiza@propertiesbydesi.com|127.0.0.1','i:2;',1775036334);
CREATE TABLE IF NOT EXISTS "cache_locks" ("key" varchar not null, "owner" varchar not null, "expiration" integer not null, primary key ("key"));
CREATE TABLE IF NOT EXISTS "jobs" ("id" integer primary key autoincrement not null, "queue" varchar not null, "payload" text not null, "attempts" integer not null, "reserved_at" integer, "available_at" integer not null, "created_at" integer not null);
CREATE TABLE IF NOT EXISTS "job_batches" ("id" varchar not null, "name" varchar not null, "total_jobs" integer not null, "pending_jobs" integer not null, "failed_jobs" integer not null, "failed_job_ids" text not null, "options" text, "cancelled_at" integer, "created_at" integer not null, "finished_at" integer, primary key ("id"));
CREATE TABLE IF NOT EXISTS "failed_jobs" ("id" integer primary key autoincrement not null, "uuid" varchar not null, "connection" text not null, "queue" text not null, "payload" text not null, "exception" text not null, "failed_at" datetime not null default CURRENT_TIMESTAMP);
CREATE TABLE IF NOT EXISTS "permissions" ("id" integer primary key autoincrement not null, "name" varchar not null, "guard_name" varchar not null, "created_at" datetime, "updated_at" datetime);
INSERT INTO permissions VALUES(1,'leads.view','web','2026-04-01 06:42:40','2026-04-01 06:42:40');
INSERT INTO permissions VALUES(2,'leads.create','web','2026-04-01 06:42:40','2026-04-01 06:42:40');
INSERT INTO permissions VALUES(3,'leads.edit','web','2026-04-01 06:42:40','2026-04-01 06:42:40');
INSERT INTO permissions VALUES(4,'leads.delete','web','2026-04-01 06:42:40','2026-04-01 06:42:40');
INSERT INTO permissions VALUES(5,'leads.assign','web','2026-04-01 06:42:40','2026-04-01 06:42:40');
INSERT INTO permissions VALUES(6,'leads.export','web','2026-04-01 06:42:40','2026-04-01 06:42:40');
INSERT INTO permissions VALUES(7,'properties.view','web','2026-04-01 06:42:40','2026-04-01 06:42:40');
INSERT INTO permissions VALUES(8,'properties.create','web','2026-04-01 06:42:40','2026-04-01 06:42:40');
INSERT INTO permissions VALUES(9,'properties.edit','web','2026-04-01 06:42:40','2026-04-01 06:42:40');
INSERT INTO permissions VALUES(10,'properties.delete','web','2026-04-01 06:42:40','2026-04-01 06:42:40');
INSERT INTO permissions VALUES(11,'clients.view','web','2026-04-01 06:42:40','2026-04-01 06:42:40');
INSERT INTO permissions VALUES(12,'clients.create','web','2026-04-01 06:42:40','2026-04-01 06:42:40');
INSERT INTO permissions VALUES(13,'clients.edit','web','2026-04-01 06:42:40','2026-04-01 06:42:40');
INSERT INTO permissions VALUES(14,'follow_ups.view','web','2026-04-01 06:42:40','2026-04-01 06:42:40');
INSERT INTO permissions VALUES(15,'follow_ups.create','web','2026-04-01 06:42:40','2026-04-01 06:42:40');
INSERT INTO permissions VALUES(16,'follow_ups.edit','web','2026-04-01 06:42:40','2026-04-01 06:42:40');
INSERT INTO permissions VALUES(17,'dashboard.view','web','2026-04-01 06:42:40','2026-04-01 06:42:40');
INSERT INTO permissions VALUES(18,'reports.view','web','2026-04-01 06:42:40','2026-04-01 06:42:40');
INSERT INTO permissions VALUES(19,'users.view','web','2026-04-01 06:42:40','2026-04-01 06:42:40');
INSERT INTO permissions VALUES(20,'users.create','web','2026-04-01 06:42:40','2026-04-01 06:42:40');
INSERT INTO permissions VALUES(21,'users.edit','web','2026-04-01 06:42:40','2026-04-01 06:42:40');
INSERT INTO permissions VALUES(22,'users.delete','web','2026-04-01 06:42:40','2026-04-01 06:42:40');
CREATE TABLE IF NOT EXISTS "roles" ("id" integer primary key autoincrement not null, "name" varchar not null, "guard_name" varchar not null, "created_at" datetime, "updated_at" datetime);
INSERT INTO roles VALUES(1,'admin','web','2026-04-01 06:42:40','2026-04-01 06:42:40');
INSERT INTO roles VALUES(2,'manager','web','2026-04-01 06:42:40','2026-04-01 06:42:40');
INSERT INTO roles VALUES(3,'sales_agent','web','2026-04-01 06:42:40','2026-04-01 06:42:40');
INSERT INTO roles VALUES(4,'super_admin','web','2026-04-01 07:25:53','2026-04-01 07:25:53');
CREATE TABLE IF NOT EXISTS "model_has_permissions" ("permission_id" integer not null, "model_type" varchar not null, "model_id" integer not null, foreign key("permission_id") references "permissions"("id") on delete cascade, primary key ("permission_id", "model_id", "model_type"));
CREATE TABLE IF NOT EXISTS "model_has_roles" ("role_id" integer not null, "model_type" varchar not null, "model_id" integer not null, foreign key("role_id") references "roles"("id") on delete cascade, primary key ("role_id", "model_id", "model_type"));
INSERT INTO model_has_roles VALUES(1,'App\Models\User',1);
INSERT INTO model_has_roles VALUES(2,'App\Models\User',2);
INSERT INTO model_has_roles VALUES(3,'App\Models\User',3);
INSERT INTO model_has_roles VALUES(3,'App\Models\User',4);
INSERT INTO model_has_roles VALUES(3,'App\Models\User',5);
INSERT INTO model_has_roles VALUES(1,'App\Models\User',6);
INSERT INTO model_has_roles VALUES(4,'App\Models\User',7);
INSERT INTO model_has_roles VALUES(4,'App\Models\User',8);
CREATE TABLE IF NOT EXISTS "role_has_permissions" ("permission_id" integer not null, "role_id" integer not null, foreign key("permission_id") references "permissions"("id") on delete cascade, foreign key("role_id") references "roles"("id") on delete cascade, primary key ("permission_id", "role_id"));
INSERT INTO role_has_permissions VALUES(1,1);
INSERT INTO role_has_permissions VALUES(2,1);
INSERT INTO role_has_permissions VALUES(3,1);
INSERT INTO role_has_permissions VALUES(4,1);
INSERT INTO role_has_permissions VALUES(5,1);
INSERT INTO role_has_permissions VALUES(6,1);
INSERT INTO role_has_permissions VALUES(7,1);
INSERT INTO role_has_permissions VALUES(8,1);
INSERT INTO role_has_permissions VALUES(9,1);
INSERT INTO role_has_permissions VALUES(10,1);
INSERT INTO role_has_permissions VALUES(11,1);
INSERT INTO role_has_permissions VALUES(12,1);
INSERT INTO role_has_permissions VALUES(13,1);
INSERT INTO role_has_permissions VALUES(14,1);
INSERT INTO role_has_permissions VALUES(15,1);
INSERT INTO role_has_permissions VALUES(16,1);
INSERT INTO role_has_permissions VALUES(17,1);
INSERT INTO role_has_permissions VALUES(18,1);
INSERT INTO role_has_permissions VALUES(19,1);
INSERT INTO role_has_permissions VALUES(20,1);
INSERT INTO role_has_permissions VALUES(21,1);
INSERT INTO role_has_permissions VALUES(22,1);
INSERT INTO role_has_permissions VALUES(1,2);
INSERT INTO role_has_permissions VALUES(2,2);
INSERT INTO role_has_permissions VALUES(3,2);
INSERT INTO role_has_permissions VALUES(4,2);
INSERT INTO role_has_permissions VALUES(5,2);
INSERT INTO role_has_permissions VALUES(6,2);
INSERT INTO role_has_permissions VALUES(7,2);
INSERT INTO role_has_permissions VALUES(8,2);
INSERT INTO role_has_permissions VALUES(9,2);
INSERT INTO role_has_permissions VALUES(11,2);
INSERT INTO role_has_permissions VALUES(12,2);
INSERT INTO role_has_permissions VALUES(13,2);
INSERT INTO role_has_permissions VALUES(14,2);
INSERT INTO role_has_permissions VALUES(15,2);
INSERT INTO role_has_permissions VALUES(16,2);
INSERT INTO role_has_permissions VALUES(17,2);
INSERT INTO role_has_permissions VALUES(18,2);
INSERT INTO role_has_permissions VALUES(19,2);
INSERT INTO role_has_permissions VALUES(1,3);
INSERT INTO role_has_permissions VALUES(2,3);
INSERT INTO role_has_permissions VALUES(3,3);
INSERT INTO role_has_permissions VALUES(7,3);
INSERT INTO role_has_permissions VALUES(11,3);
INSERT INTO role_has_permissions VALUES(12,3);
INSERT INTO role_has_permissions VALUES(13,3);
INSERT INTO role_has_permissions VALUES(14,3);
INSERT INTO role_has_permissions VALUES(15,3);
INSERT INTO role_has_permissions VALUES(16,3);
INSERT INTO role_has_permissions VALUES(17,3);
INSERT INTO role_has_permissions VALUES(1,4);
INSERT INTO role_has_permissions VALUES(2,4);
INSERT INTO role_has_permissions VALUES(3,4);
INSERT INTO role_has_permissions VALUES(4,4);
INSERT INTO role_has_permissions VALUES(5,4);
INSERT INTO role_has_permissions VALUES(6,4);
INSERT INTO role_has_permissions VALUES(7,4);
INSERT INTO role_has_permissions VALUES(8,4);
INSERT INTO role_has_permissions VALUES(9,4);
INSERT INTO role_has_permissions VALUES(10,4);
INSERT INTO role_has_permissions VALUES(11,4);
INSERT INTO role_has_permissions VALUES(12,4);
INSERT INTO role_has_permissions VALUES(13,4);
INSERT INTO role_has_permissions VALUES(14,4);
INSERT INTO role_has_permissions VALUES(15,4);
INSERT INTO role_has_permissions VALUES(16,4);
INSERT INTO role_has_permissions VALUES(17,4);
INSERT INTO role_has_permissions VALUES(18,4);
INSERT INTO role_has_permissions VALUES(19,4);
INSERT INTO role_has_permissions VALUES(20,4);
INSERT INTO role_has_permissions VALUES(21,4);
INSERT INTO role_has_permissions VALUES(22,4);
CREATE TABLE IF NOT EXISTS "leads" ("id" integer primary key autoincrement not null, "name" varchar not null, "phone" varchar not null, "email" varchar, "source" varchar check ("source" in ('call', 'whatsapp', 'instagram', 'facebook', 'referral', 'website', 'walk_in', 'other')) not null default 'call', "status" varchar check ("status" in ('new', 'contacted', 'spoken', 'interested', 'not_interested', 'visited_site', 'follow_up_required', 'loan_processing', 'closed_won', 'closed_lost')) not null default 'new', "assigned_agent_id" integer, "budget_min" numeric, "budget_max" numeric, "preferred_property_type" varchar, "location_preference" varchar, "urgency" varchar check ("urgency" in ('low', 'medium', 'high', 'immediate')) not null default 'medium', "is_converted" tinyint(1) not null default '0', "last_contacted_at" datetime, "created_at" datetime, "updated_at" datetime, "deleted_at" datetime, foreign key("assigned_agent_id") references "users"("id") on delete set null);
INSERT INTO leads VALUES(1,'Vikram Singh','9988776655',NULL,'call','interested',3,3000000,5000000,'plot','North Goa','high',0,NULL,'2026-04-01 06:42:41','2026-04-01 07:06:20',NULL);
INSERT INTO leads VALUES(2,'Meera Joshi','9977665544',NULL,'whatsapp','interested',4,20000000,30000000,'villa','Vagator','medium',0,NULL,'2026-04-01 06:42:41','2026-04-01 06:42:41',NULL);
INSERT INTO leads VALUES(3,'Rajesh Kumar','9966554433',NULL,'facebook','contacted',5,5000000,8000000,'flat','Panjim','low',0,NULL,'2026-04-01 06:42:41','2026-04-01 06:42:41',NULL);
INSERT INTO leads VALUES(4,'Anita Deshpande','9955443322',NULL,'referral','visited_site',3,10000000,15000000,'plot','Anjuna','immediate',0,NULL,'2026-04-01 06:42:41','2026-04-01 06:42:41',NULL);
INSERT INTO leads VALUES(5,'Suresh Pai','9944332211',NULL,'instagram','follow_up_required',4,4000000,6000000,'plot','Siolim','medium',0,NULL,'2026-04-01 06:42:41','2026-04-01 06:42:41',NULL);
INSERT INTO leads VALUES(6,'Kavita Menon','9933221100',NULL,'website','spoken',5,6000000,9000000,'flat','Panjim','high',0,NULL,'2026-04-01 06:42:41','2026-04-01 06:42:41',NULL);
INSERT INTO leads VALUES(7,'Deepak Reddy','9922110099',NULL,'call','loan_processing',3,5000000,7000000,'flat','Margao','high',0,NULL,'2026-04-01 06:42:41','2026-04-01 06:42:41',NULL);
INSERT INTO leads VALUES(8,'Pooja Verma','9911009988',NULL,'whatsapp','closed_won',4,25000000,30000000,'villa','Vagator','medium',0,NULL,'2026-04-01 06:42:41','2026-04-01 06:42:41',NULL);
INSERT INTO leads VALUES(9,'mum','89789787897989',NULL,'call','new',3,NULL,NULL,NULL,NULL,'medium',0,'2026-04-01 09:46:59','2026-04-01 09:38:47','2026-04-01 09:46:59',NULL);
CREATE TABLE IF NOT EXISTS "clients" ("id" integer primary key autoincrement not null, "lead_id" integer not null, "name" varchar not null, "phone" varchar not null, "email" varchar, "buying_type" varchar check ("buying_type" in ('loan', 'cash', 'black_white_mix')), "purpose" varchar check ("purpose" in ('investment', 'end_use')), "buyer_profile" varchar check ("buyer_profile" in ('family', 'individual', 'company')), "urgency" varchar check ("urgency" in ('low', 'medium', 'high', 'immediate')) not null default 'medium', "address" text, "pan_number" varchar, "aadhar_number" varchar, "notes" text, "created_at" datetime, "updated_at" datetime, "deleted_at" datetime, foreign key("lead_id") references "leads"("id") on delete cascade);
CREATE TABLE IF NOT EXISTS "properties" ("id" integer primary key autoincrement not null, "title" varchar not null, "slug" varchar not null, "type" varchar check ("type" in ('plot', 'villa', 'flat')) not null, "sub_type" varchar check ("sub_type" in ('orchard', 'settlement', 'sanad', 'na')), "location" varchar not null, "area" varchar, "price" numeric not null, "price_per_sqm" numeric, "size_sqm" numeric, "size_label" varchar, "bedrooms" integer, "bathrooms" integer, "description" text, "status" varchar check ("status" in ('available', 'reserved', 'sold')) not null default 'available', "tags" text, "amenities" text, "images" text, "map_link" varchar, "owner_name" varchar, "owner_phone" varchar, "added_by" integer, "created_at" datetime, "updated_at" datetime, "deleted_at" datetime, foreign key("added_by") references "users"("id") on delete set null);
INSERT INTO properties VALUES(1,'Premium Orchard Plot - Assagao','premium-orchard-plot-assagao-eor0a','plot','orchard','Assagao','North Goa',4500000,NULL,500,'500 sq.m',NULL,NULL,'Lush green orchard plot in prime Assagao location with road access.','available','["investment","premium"]',NULL,NULL,NULL,NULL,NULL,1,'2026-04-01 06:42:41','2026-04-01 06:42:41',NULL);
INSERT INTO properties VALUES(2,'Settlement Plot - Calangute','settlement-plot-calangute-d6cyh','plot','settlement','Calangute','North Goa',8000000,NULL,300,'300 sq.m',NULL,NULL,'Settlement plot 5 mins from Calangute beach, ideal for villa construction.','available','["beach-proximity","settlement"]',NULL,NULL,NULL,NULL,NULL,1,'2026-04-01 06:42:41','2026-04-01 06:42:41',NULL);
INSERT INTO properties VALUES(3,'Sanad Plot - Siolim','sanad-plot-siolim-yjj7r','plot','sanad','Siolim','North Goa',3500000,NULL,400,'400 sq.m',NULL,NULL,'Sanad plot with river view in quiet Siolim neighborhood.','available','["budget","sanad"]',NULL,NULL,NULL,NULL,NULL,1,'2026-04-01 06:42:41','2026-04-01 06:42:41',NULL);
INSERT INTO properties VALUES(4,'Luxury Villa - Vagator','luxury-villa-vagator-dhvbl','villa',NULL,'Vagator','North Goa',25000000,NULL,250,'250 sq.m built-up',4,4,'4BHK luxury villa with private pool and sea view.','available','["luxury","pool","sea-view"]',NULL,NULL,NULL,NULL,NULL,1,'2026-04-01 06:42:41','2026-04-01 06:42:41',NULL);
INSERT INTO properties VALUES(5,'2BHK Flat - Panjim','2bhk-flat-panjim-6wd9s','flat',NULL,'Panjim','Central Goa',6500000,NULL,95,'95 sq.m',2,2,'Ready-to-move 2BHK flat in the heart of Panjim.','available','["city","ready-to-move"]',NULL,NULL,NULL,NULL,NULL,1,'2026-04-01 06:42:41','2026-04-01 06:42:41',NULL);
INSERT INTO properties VALUES(6,'NA Plot - Anjuna','na-plot-anjuna-uc0al','plot','na','Anjuna','North Goa',12000000,NULL,600,'600 sq.m',NULL,NULL,'NA converted plot in premium Anjuna location.','reserved','["premium","na-converted"]',NULL,NULL,NULL,NULL,NULL,1,'2026-04-01 06:42:41','2026-04-01 06:42:41',NULL);
CREATE TABLE IF NOT EXISTS "lead_property" ("id" integer primary key autoincrement not null, "lead_id" integer not null, "property_id" integer not null, "status" varchar check ("status" in ('suggested', 'shown', 'visited', 'interested', 'rejected')) not null default 'suggested', "feedback" text, "shown_at" datetime, "visited_at" datetime, "created_at" datetime, "updated_at" datetime, foreign key("lead_id") references "leads"("id") on delete cascade, foreign key("property_id") references "properties"("id") on delete cascade);
CREATE TABLE IF NOT EXISTS "notes" ("id" integer primary key autoincrement not null, "notable_type" varchar not null, "notable_id" integer not null, "user_id" integer not null, "content" text not null, "is_pinned" tinyint(1) not null default '0', "created_at" datetime, "updated_at" datetime, "deleted_at" datetime, foreign key("user_id") references "users"("id") on delete cascade);
CREATE TABLE IF NOT EXISTS "follow_ups" ("id" integer primary key autoincrement not null, "lead_id" integer not null, "user_id" integer not null, "title" varchar not null, "description" text, "scheduled_at" datetime not null, "completed_at" datetime, "status" varchar check ("status" in ('pending', 'completed', 'missed', 'cancelled')) not null default 'pending', "priority" varchar check ("priority" in ('low', 'medium', 'high')) not null default 'medium', "created_at" datetime, "updated_at" datetime, "deleted_at" datetime, foreign key("lead_id") references "leads"("id") on delete cascade, foreign key("user_id") references "users"("id") on delete cascade);
CREATE TABLE IF NOT EXISTS "communications" ("id" integer primary key autoincrement not null, "lead_id" integer not null, "user_id" integer not null, "type" varchar check ("type" in ('call', 'whatsapp', 'email', 'sms', 'meeting', 'site_visit', 'other')) not null, "direction" varchar check ("direction" in ('inbound', 'outbound')) not null default 'outbound', "summary" text not null, "duration_minutes" integer, "created_at" datetime, "updated_at" datetime, foreign key("lead_id") references "leads"("id") on delete cascade, foreign key("user_id") references "users"("id") on delete cascade);
INSERT INTO communications VALUES(1,9,7,'call','outbound','jjjijiji',NULL,'2026-04-01 09:46:59','2026-04-01 09:46:59');
CREATE TABLE IF NOT EXISTS "documents" ("id" integer primary key autoincrement not null, "documentable_type" varchar not null, "documentable_id" integer not null, "uploaded_by" integer not null, "name" varchar not null, "file_path" varchar not null, "file_type" varchar not null, "file_size" integer not null, "category" varchar check ("category" in ('kyc', 'agreement', 'loan_paper', 'id_proof', 'property_doc', 'other')) not null default 'other', "created_at" datetime, "updated_at" datetime, "deleted_at" datetime, foreign key("uploaded_by") references "users"("id") on delete cascade);
CREATE TABLE IF NOT EXISTS "tags" ("id" integer primary key autoincrement not null, "name" varchar not null, "color" varchar not null default '#6B7280', "created_at" datetime, "updated_at" datetime);
CREATE TABLE IF NOT EXISTS "taggables" ("tag_id" integer not null, "taggable_type" varchar not null, "taggable_id" integer not null, foreign key("tag_id") references "tags"("id") on delete cascade);
CREATE TABLE IF NOT EXISTS "activity_logs" ("id" integer primary key autoincrement not null, "user_id" integer, "subject_type" varchar not null, "subject_id" integer not null, "action" varchar not null, "changes" text, "created_at" datetime, "updated_at" datetime, foreign key("user_id") references "users"("id") on delete set null);
INSERT INTO activity_logs VALUES(1,6,'App\Models\Lead',1,'status_changed','{"from":"new","to":"contacted"}','2026-04-01 07:06:11','2026-04-01 07:06:11');
INSERT INTO activity_logs VALUES(2,6,'App\Models\Lead',1,'status_changed','{"from":"contacted","to":"spoken"}','2026-04-01 07:06:12','2026-04-01 07:06:12');
INSERT INTO activity_logs VALUES(3,6,'App\Models\Lead',1,'status_changed','{"from":"spoken","to":"interested"}','2026-04-01 07:06:13','2026-04-01 07:06:13');
INSERT INTO activity_logs VALUES(4,6,'App\Models\Lead',1,'status_changed','{"from":"interested","to":"not_interested"}','2026-04-01 07:06:14','2026-04-01 07:06:14');
INSERT INTO activity_logs VALUES(5,6,'App\Models\Lead',1,'status_changed','{"from":"not_interested","to":"visited_site"}','2026-04-01 07:06:14','2026-04-01 07:06:14');
INSERT INTO activity_logs VALUES(6,6,'App\Models\Lead',1,'status_changed','{"from":"visited_site","to":"follow_up_required"}','2026-04-01 07:06:15','2026-04-01 07:06:15');
INSERT INTO activity_logs VALUES(7,6,'App\Models\Lead',1,'status_changed','{"from":"follow_up_required","to":"loan_processing"}','2026-04-01 07:06:15','2026-04-01 07:06:15');
INSERT INTO activity_logs VALUES(8,6,'App\Models\Lead',1,'status_changed','{"from":"loan_processing","to":"closed_won"}','2026-04-01 07:06:16','2026-04-01 07:06:16');
INSERT INTO activity_logs VALUES(9,6,'App\Models\Lead',1,'status_changed','{"from":"closed_won","to":"closed_lost"}','2026-04-01 07:06:17','2026-04-01 07:06:17');
INSERT INTO activity_logs VALUES(10,6,'App\Models\Lead',1,'status_changed','{"from":"closed_lost","to":"loan_processing"}','2026-04-01 07:06:18','2026-04-01 07:06:18');
INSERT INTO activity_logs VALUES(11,6,'App\Models\Lead',1,'status_changed','{"from":"loan_processing","to":"not_interested"}','2026-04-01 07:06:19','2026-04-01 07:06:19');
INSERT INTO activity_logs VALUES(12,6,'App\Models\Lead',1,'status_changed','{"from":"not_interested","to":"interested"}','2026-04-01 07:06:20','2026-04-01 07:06:20');
INSERT INTO activity_logs VALUES(13,7,'App\Models\Lead',9,'created',NULL,'2026-04-01 09:38:47','2026-04-01 09:38:47');
CREATE TABLE IF NOT EXISTS "personal_access_tokens" ("id" integer primary key autoincrement not null, "tokenable_type" varchar not null, "tokenable_id" integer not null, "name" text not null, "token" varchar not null, "abilities" text, "last_used_at" datetime, "expires_at" datetime, "created_at" datetime, "updated_at" datetime);
CREATE TABLE IF NOT EXISTS "notifications" ("id" varchar not null, "type" varchar not null, "notifiable_type" varchar not null, "notifiable_id" integer not null, "data" text not null, "read_at" datetime, "created_at" datetime, "updated_at" datetime, primary key ("id"));
INSERT INTO notifications VALUES('4cab03bb-27fa-4408-a931-851b0a2ac09d','App\Notifications\LeadAssignedNotification','App\Models\User',3,'{"lead_id":9,"lead_name":"mum","lead_phone":"89789787897989","lead_source":"Phone Call","assigned_by":"Mohsin","message":"New lead \"mum\" (89789787897989) assigned to you by Mohsin."}',NULL,'2026-04-01 09:38:47','2026-04-01 09:38:47');
INSERT INTO sqlite_sequence VALUES('migrations',18);
INSERT INTO sqlite_sequence VALUES('permissions',22);
INSERT INTO sqlite_sequence VALUES('roles',4);
INSERT INTO sqlite_sequence VALUES('users',8);
INSERT INTO sqlite_sequence VALUES('properties',6);
INSERT INTO sqlite_sequence VALUES('leads',9);
INSERT INTO sqlite_sequence VALUES('activity_logs',13);
INSERT INTO sqlite_sequence VALUES('communications',1);
CREATE UNIQUE INDEX "users_email_unique" on "users" ("email");
CREATE INDEX "sessions_user_id_index" on "sessions" ("user_id");
CREATE INDEX "sessions_last_activity_index" on "sessions" ("last_activity");
CREATE INDEX "cache_expiration_index" on "cache" ("expiration");
CREATE INDEX "cache_locks_expiration_index" on "cache_locks" ("expiration");
CREATE INDEX "jobs_queue_index" on "jobs" ("queue");
CREATE UNIQUE INDEX "failed_jobs_uuid_unique" on "failed_jobs" ("uuid");
CREATE UNIQUE INDEX "permissions_name_guard_name_unique" on "permissions" ("name", "guard_name");
CREATE UNIQUE INDEX "roles_name_guard_name_unique" on "roles" ("name", "guard_name");
CREATE INDEX "model_has_permissions_model_id_model_type_index" on "model_has_permissions" ("model_id", "model_type");
CREATE INDEX "model_has_roles_model_id_model_type_index" on "model_has_roles" ("model_id", "model_type");
CREATE UNIQUE INDEX "leads_phone_unique" on "leads" ("phone", "deleted_at");
CREATE INDEX "leads_phone_index" on "leads" ("phone");
CREATE INDEX "clients_phone_index" on "clients" ("phone");
CREATE UNIQUE INDEX "properties_slug_unique" on "properties" ("slug");
CREATE INDEX "properties_type_index" on "properties" ("type");
CREATE UNIQUE INDEX "lead_property_lead_id_property_id_unique" on "lead_property" ("lead_id", "property_id");
CREATE INDEX "notes_notable_type_notable_id_index" on "notes" ("notable_type", "notable_id");
CREATE INDEX "follow_ups_scheduled_at_status_index" on "follow_ups" ("scheduled_at", "status");
CREATE INDEX "documents_documentable_type_documentable_id_index" on "documents" ("documentable_type", "documentable_id");
CREATE UNIQUE INDEX "tags_name_unique" on "tags" ("name");
CREATE INDEX "taggables_taggable_type_taggable_id_index" on "taggables" ("taggable_type", "taggable_id");
CREATE UNIQUE INDEX "taggables_tag_id_taggable_id_taggable_type_unique" on "taggables" ("tag_id", "taggable_id", "taggable_type");
CREATE INDEX "activity_logs_subject_type_subject_id_index" on "activity_logs" ("subject_type", "subject_id");
CREATE INDEX "activity_logs_created_at_index" on "activity_logs" ("created_at");
CREATE INDEX "personal_access_tokens_tokenable_type_tokenable_id_index" on "personal_access_tokens" ("tokenable_type", "tokenable_id");
CREATE UNIQUE INDEX "personal_access_tokens_token_unique" on "personal_access_tokens" ("token");
CREATE INDEX "personal_access_tokens_expires_at_index" on "personal_access_tokens" ("expires_at");
CREATE UNIQUE INDEX "users_username_unique" on "users" ("username");
CREATE INDEX "notifications_notifiable_type_notifiable_id_index" on "notifications" ("notifiable_type", "notifiable_id");
COMMIT;
